笔记标题,用户名,笔记内容,笔记标签
影子团队向石家庄全体人民致歉,影子不会说谎,昨天夜里石家庄当地的粉丝朋友们都赶往现场关乎我的安危我非常感动我一一与他们拥抱表示感谢石家庄有我的亲朋好友他们都友善，包容，好客我们不要因为一小部分人去影响整个城市的影响我们就事论事该是我们需要做的，我们全力以赴该是需要有人承担错误的我同样也会据理力争！我和大家一样，坐等结果！,"石家庄
隐藏摄像头
"
不要因一个民宿装摄像头事件就否定整个河北,吱吱的奇妙旅行,咱就是说其实这事儿在全国不是个例，大家出门尽量住连锁酒店或者连锁民宿，更重要的是自己要提高警惕！	世界上不能没有“这么近那么美周末到河北”国庆节假期 期待大家来石家庄来河北旅游！,"写下你的碎碎念
国庆
国庆节
国庆节旅游
"
国庆冷门城市！河北被严重低估的宝藏城市！,这颗柠檬好酸啊,邯郸涉县大洼村 石头王国我去的时候很安静 适合住两天	🈚️🎫,"小众旅行地
古镇中的民宿
一座有着千年历史的古镇
国庆我要慢慢玩
国庆冷门路线
国庆小众宝藏旅行地
"
石家庄摄像头事件 华强 河北文旅滑铁卢,萌呀萌中年少女,[飞盘R]公众信任层面：[一R]对酒店民宿行业的信任受损对酒店和民宿的隐私安全产生了极大的担忧和质疑。此次事件使得公众对石家庄乃至全国的酒店民宿行业的信任度下降，入住时会更加谨慎，可能会减少选择酒店民宿的意愿。民宿创业受到冲击。[二R]对相关监管部门的信任受到挑战：公众对监管部门的监管力度和效果产生了疑问。人们会质疑监管部门是否对酒店民宿行业的摄像头偷拍问题进行了有效的监管，是否存在监管漏洞。这可能会导致公众对监管部门的信任度降低，要求加强监管的呼声也会更高。[飞盘R]社会安全层面：[一R]个人隐私安全意识提高：事件引发了广泛的关注和讨论，使更多的人意识到个人隐私安全的重要性。人们开始更加关注自己在各种场所的隐私保护，不仅是在酒店民宿，还包括公共卫生间、更衣室等可能存在隐私泄露风险的地方。[二R]社会治安担忧增加：博主在派出所外遭遇围堵、车辆被放气和车牌号被涂抹等后续事件，让公众对社会治安状况产生了担忧。这不仅影响了公众对石家庄当地社会治安的看法，也可能在一定程度上引发其他地区的人们对类似事件的担忧，对社会的稳定和安全感产生一定的冲击。[飞盘R]行业规范层面：[一R]推动酒店民宿行业加强自查和整改：事件发生后，石家庄的一些酒店民宿老板表示已经在自查房间摄像头，并自备检测仪器。其他地区的酒店民宿行业也可能会以此为契机，加强对房间的安全检查，排查是否存在偷拍设备，规范自身的经营行为。这将有助于推动整个酒店民宿行业提高安全标准，加强行业自律。[二R]促使相关法律法规的完善：此类事件的曝光可能会引起立法部门的关注，推动相关法律法规的进一步完善。例如，对于摄像头偷拍行为的界定、处罚标准以及酒店民宿等场所的安全管理责任等方面的法律法规可能会得到更加明确的规定，为打击偷拍行为提供更有力的法律依据。[飞盘R]网络舆论层面：[一R]引发网络舆论热议：事件在社交媒体上广泛传播，引发了网友的大量讨论和关注。网友们对博主的行为表示支持和赞赏，同时也对酒店民宿的偷拍行为表示愤怒和谴责。这种网络舆论的压力可能会促使相关方面加快事件的处理速度，提高事件的透明度，也让更多的人关注到隐私保护的重要性。[二R]可能引发地域歧视等不良现象：部分网友在事件发生后可能会对石家庄产生负面印象，甚至出现一些地域歧视的言论。对石家庄的城市形象造成损害！,"社会新闻
维护社会公平正义
河北文旅
石家庄
"
📍沧州｜i人女大两天一夜1人行✅（附地图）,云母戳戳,✨i人女大逃离北京第2期！今天来：河北·沧州(⁎⁍̴̛ᴗ⁍̴̛⁎)	🚄高铁：北京南➡️沧州西 97r 51分🏠住宿：南川老街附近🍲美食：火锅鸡、羊杂汤、炸老虎、刨冰、怂柠	🦁Day1大运河非遗展示馆-大化工业遗存文化区-南川老街	📍大运河非遗展示馆🆓，周一闭馆，营业时间早九晚五点半好新好大的展示馆，远超预期的游览体验，主要展示了运河沿岸的文化风貌，请一定要来看看！	📍大化工业遗存文化区🆓，无需预约，离大运河非遗展示馆很近，建议一起看，工业风很出片，封面的“沧州”打卡点就在这里，里面的罐罐乐园很适合遛娃～	📍南川老街🆓，无需预约，清风楼、南川楼、观澜楼都在这里，爱心交通信号灯也在这里～街区很大，有很多美食小店、文创小店等，可以逛一晚上！	🦁Day2狮城公园-沧州博物馆-沧州市图书馆	📍狮城公园🆓，无需预约，主要是看大狮子不过这是新狮子，课本上的铁狮子在旧城哦	📍沧州博物馆🆓，无需预约，到门口扫码领取可爱纸质门票馆内地图在p2，博物馆展示了沧州市的历史文化，可以挑喜欢的场馆进行参观	📍沧州市图书馆不是景点啦，啵煮发现离高铁开车还有一段时间，就到博物馆旁边的图书馆坐了一会儿，不用预约直接进就行	☁️博主碎碎念🪼这是一个公交车🚌超便宜（1r）司机超温柔礼貌的小城市，还有非常好吃的美食萌，啵煮去的时候刚好赶上中秋节，晚上老街人流量超大超热闹，夜景超美，总的来说非常推荐大家周末去玩～-,"旅游
旅游攻略
沧州
河北
北京
大学生
北京周末去哪儿
一人游
干货分享
infj
"
